--Họ và tên: Nguyễn Hải Đăng
--MSSV: 20120049

--  drop table SALGRADE_20120049; DROP TABLE EMP_20120049; drop table DEPT_20120049;

-- a. Nhóm lệnh tạo table trong database
CREATE TABLE EMP_20120049 (
    EMPNO NUMBER(4), --Mã nhân viên
    ENAME VARCHAR2(10), --Tên nhân viên
    JOB VARCHAR2(9), --Nghề nghiệp
    MGR NUMBER(4), --Mã người quản lý
    HIREDATE DATE, --Ngày gia nhập công ty
    SAL NUMBER(7,2), --Lương
    COMM NUMBER(7,2), --Thưởng
    DEPTNO NUMBER(2) NOT NULL, --Mã phòng ban
    CONSTRAINT EMP_PK PRIMARY KEY(EMPNO)
);

CREATE TABLE DEPT_20120049 (
    DEPTNO NUMBER(2), --Mã phòng ban
    DNAME VARCHAR2(14), --Tên phòng ban
    LOC VARCHAR2(13), --Địa điểm
    CONSTRAINT DEPT_PK PRIMARY KEY(DEPTNO)
);

CREATE TABLE SALGRADE_20120049 (
    GRADE NUMBER, --Mức lương
    LOSAL NUMBER, --Giá trị thấp nhất
    HISAL NUMBER, --Giá trị cao nhất
    CONSTRAINT SALGRADE_PK PRIMARY KEY(GRADE)
);

--a. Nhóm lệnh tạo khóa ngoại
ALTER TABLE EMP_20120049
ADD CONSTRAINT FK_EMP_EMP FOREIGN KEY(MGR)
REFERENCES EMP_20120049(EMPNO);

ALTER TABLE EMP_20120049 
ADD CONSTRAINT FK_EMP_DEPT FOREIGN KEY(DEPTNO) 
REFERENCES DEPT_20120049(DEPTNO);

--b. Nhóm lệnh insert dữ liệu bảng SALGRADE_20120049
INSERT INTO SALGRADE_20120049 VALUES (1,700,1200);
INSERT INTO SALGRADE_20120049 VALUES (2,1201,1400);
INSERT INTO SALGRADE_20120049 VALUES (3,1401,2000);
INSERT INTO SALGRADE_20120049 VALUES (4,2001,3000);
INSERT INTO SALGRADE_20120049 VALUES (5,3001,9999);

--b. Nhóm lệnh insert dữ liệu bảng DEPT_20120049
INSERT INTO DEPT_20120049 VALUES (10,'ACCOUNTING','NEW YORK');
INSERT INTO DEPT_20120049 VALUES (20,'RESEARCH','DALLAS');
INSERT INTO DEPT_20120049 VALUES (30,'SALES','CHICAGO');
INSERT INTO DEPT_20120049 VALUES (40,'OPERATIONS','BOSTON');

--c. Nhóm lệnh insert dữ liệu bảng EMP_20120049
INSERT INTO EMP_20120049 VALUES (7839,'KING','PRESIDENT',NULL,TO_DATE('17-11-1981','DD-MM-YYYY'),5000,NULL,10);
INSERT INTO EMP_20120049 VALUES (7698,'BLAKE','MANAGER',7839,TO_DATE('01-05-1981','DD-MM-YYYY'),2850,NULL,30);
INSERT INTO EMP_20120049 VALUES (7782,'CLARK','MANAGER',7839,TO_DATE('09-06-1981','DD-MM-YYYY'),2450,NULL,10);
INSERT INTO EMP_20120049 VALUES (7566,'JONES','MANAGER',7839,TO_DATE('02-04-1981','DD-MM-YYYY'),2975,NULL,20);
INSERT INTO EMP_20120049 VALUES (7654,'MARTIN','SALESMAN',7698,TO_DATE('28-09-1981','DD-MM-YYYY'),1250,1400,30);
INSERT INTO EMP_20120049 VALUES (7499,'ALLEN','SALESMAN',7698,TO_DATE('20-02-1981','DD-MM-YYYY'),1600,300,30);
INSERT INTO EMP_20120049 VALUES (7844,'TURNER','SALESMAN',7698,TO_DATE('08-09-1981','DD-MM-YYYY'),1500,0,30);
INSERT INTO EMP_20120049 VALUES (7900,'JAMES','CLERK',7698,TO_DATE('03-12-1981','DD-MM-YYYY'),950,NULL,30);
INSERT INTO EMP_20120049 VALUES (7521,'WARD','SALESMAN',7698,TO_DATE('22-02-1981','DD-MM-YYYY'),1250,500,30);
INSERT INTO EMP_20120049 VALUES (7902,'FORD','ANALYST',7566,TO_DATE('03-12-1981','DD-MM-YYYY'),3000,NULL,20);
INSERT INTO EMP_20120049 VALUES (7369,'SMITH','CLERK',7902,TO_DATE('17-12-1980','DD-MM-YYYY'),800,NULL,20);
INSERT INTO EMP_20120049 VALUES (7788,'SCOTT','ANALYST',7566,TO_DATE('09-12-1982','DD-MM-YYYY'),3000,NULL,20);
INSERT INTO EMP_20120049 VALUES (7876,'ADAMS','CLERK',7788,TO_DATE('12-01-1983','DD-MM-YYYY'),1100,NULL,20);
INSERT INTO EMP_20120049 VALUES (7934,'MILLER','CLERK',7782,TO_DATE('23-01-1982','DD-MM-YYYY'),1300,NULL,10);

SELECT * FROM SALGRADE_20120049;
SELECT * FROM DEPT_20120049;
SELECT * FROM EMP_20120049;

