--Võ Minh Hiếu
--20120289

DROP TABLE EMP_20120289;
--Tạo bảng EMP_20120289
CREATE TABLE EMP_20120289
(
    EMPNO NUMBER(4),
    ENAME VARCHAR2(10),
    JOB VARCHAR2(9),
    MGR NUMBER(4),
    HIREDATE DATE,
    SAL NUMBER(7,2),
    COMM NUMBER(7,2),
    DEPTNO NUMBER(2) NOT NULL,
    CONSTRAINT EMP_20120289_PK PRIMARY KEY(EMPNO),
    CONSTRAINT FK_MGR_EMP
        FOREIGN KEY (MGR)
        REFERENCES EMP_20120289(EMPNO)
);

DROP TABLE DEPT_20120289;
--Tạo bảng DEPT_20120289
CREATE TABLE DEPT_20120289
(
    DEPTNO NUMBER(2),
    DNAME VARCHAR2(14),
    LOC VARCHAR2(13),
    CONSTRAINT DEPT_20120289_PK PRIMARY KEY (DEPTNO)
);

DROP TABLE SALGRADE_20120289;
--Tạo bảng SALGRADE_20120289
CREATE TABLE SALGRADE_20120289
(
    GRADE NUMBER,
    LOSAL NUMBER,
    HISAL NUMBER,
    CONSTRAINT SALGRADE_20120289_KEY PRIMARY KEY (GRADE)
);

ALTER TABLE DEPT_20120289
ADD CONSTRAINT FK_EMP_DEPT
FOREIGN KEY (DEPTNO)
REFERENCES DEPT_20120289 (DEPTNO);

--Nhập dữ liệu cho bảng SALGRADE_20120289
INSERT INTO SALGRADE_20120289 VALUES (1,700,1200);
INSERT INTO SALGRADE_20120289 VALUES (2,1201,1400);
INSERT INTO SALGRADE_20120289 VALUES (3,1401,2000);
INSERT INTO SALGRADE_20120289 VALUES (4,2001,3000);
INSERT INTO SALGRADE_20120289 VALUES (5,3001,9999);

--Nhập dữ liệu cho bảng DEPT_20120289
INSERT INTO DEPT_20120289 VALUES (10,'ACCOUNTING','NEW YORK');
INSERT INTO DEPT_20120289 VALUES (20,'RESEARCH','DALLAS');
INSERT INTO DEPT_20120289 VALUES (30,'SALES','CHICAGO');
INSERT INTO DEPT_20120289 VALUES (40,'OPERATIONS','BOSTON');

--Nhập dữ liệu cho bảng EMP_20120289
INSERT INTO EMP_20120289 VALUES (7839, 'KING','PRESIDENT', NULL, TO_DATE('17/11/1981', 'dd/mm/yyyy'), 5000, NULL, 10);
INSERT INTO EMP_20120289 VALUES (7698, 'BLAKE','MANAGER', 7839, TO_DATE('01/05/1981', 'dd/mm/yyyy'), 2850, NULL, 30);
INSERT INTO EMP_20120289 VALUES (7782, 'CLARK','MANAGER', 7839, TO_DATE('09/06/1981', 'dd/mm/yyyy'), 2450, NULL, 10);
INSERT INTO EMP_20120289 VALUES (7566, 'JONES','MANAGER', 7839, TO_DATE('02/04/1981', 'dd/mm/yyyy'), 2975, NULL, 20);
INSERT INTO EMP_20120289 VALUES (7654, 'MARTIN','SALESMAN', 7698, TO_DATE('28/09/1981', 'dd/mm/yyyy'), 1250, 1400, 30);
INSERT INTO EMP_20120289 VALUES (7499, 'ALLEN','SALESMAN', 7698, TO_DATE('20/02/1981', 'dd/mm/yyyy'), 1600, 300, 30);
INSERT INTO EMP_20120289 VALUES (7844, 'TURNER','SALESMAN', 7698, TO_DATE('08/09/1981', 'dd/mm/yyyy'), 1500, 0, 30);
INSERT INTO EMP_20120289 VALUES (7900, 'JAMES','CLERK', 7698, TO_DATE('03/12/1981', 'dd/mm/yyyy'), 950, NULL, 30);
INSERT INTO EMP_20120289 VALUES (7521, 'WARD','SALESMAN', 7698, TO_DATE('22/02/1981', 'dd/mm/yyyy'), 1250, 500, 30);
INSERT INTO EMP_20120289 VALUES (7902, 'FORD','ANALYST', 7566, TO_DATE('03/12/1981', 'dd/mm/yyyy'), 3000, NULL, 20);
INSERT INTO EMP_20120289 VALUES (7369, 'SMITH','CLERK', 7902, TO_DATE('17/12/1980', 'dd/mm/yyyy'), 800, NULL, 20);
INSERT INTO EMP_20120289 VALUES (7788, 'SCOTT','ANALYST', 7566, TO_DATE('09/12/1982', 'dd/mm/yyyy'), 3000, NULL, 20);
INSERT INTO EMP_20120289 VALUES (7876, 'ADAMS','CLERK', 7788, TO_DATE('12/01/1983', 'dd/mm/yyyy'), 1100, NULL, 20);
INSERT INTO EMP_20120289 VALUES (7934, 'MILLER','CLERK', 7788, TO_DATE('23/01/1982', 'dd/mm/yyyy'), 1300, NULL, 10);