/*
-----MSSV: 20120138
-----Họ và Tên: Lê Thành Nam
*/

/*TẠO CÁC TABLE*/
CREATE TABLE DEPT_20120138(
    DEPTNO NUMBER(2) PRIMARY KEY, DNAME VARCHAR2(14), -- TÊN PHÒNG BAN
    LOC VARCHAR2(13) -- ĐỊA CHỈ
);

CREATE TABLE EMP_20120138(
    EMPNO NUMBER(4) PRIMARY KEY, -- MÃ NHÂN VIÊN
    ENAME VARCHAR2(10), -- TÊN NHÂN VIÊN
    JOB VARCHAR2(9), -- NGHỀ NGHIỆP
    MGR NUMBER(4), -- MÃ NGƯỜI QUẢN LÝ
    HIREDATE DATE, -- NGÀY GIA NHẬP CTY
    SAL NUMBER(7, 2), -- LƯƠNG
    COMM NUMBER(7, 2), -- THƯỞNG
    DEPTNO NUMBER(2) NOT NULL REFERENCES DEPT_20120138(DEPTNO) -- MÃ PHÒNG BAN
);

CREATE TABLE SALGRADE_20120138(
    GRADE NUMBER PRIMARY KEY, -- MỨC LƯƠNG
    LOSAL NUMBER, -- GIÁ TRỊ THẤP NHẤT
    HISAL NUMBER -- GIÁ TRỊ CAO NHẤT
);

/*THÊM DỮ LIỆU VÀO TABLE*/
INSERT INTO DEPT_20120138(
    DEPTNO, DNAME, LOC
) VALUES(
    10, 'ACCOUNTING', 'EW YORK'
);

INSERT INTO DEPT_20120138(
    DEPTNO, DNAME, LOC
) VALUES(
    20, 'RESEARCH', 'DALLAS'
);

INSERT INTO DEPT_20120138(
    DEPTNO, DNAME, LOC
) VALUES(
    30, 'SALES', 'CHICAGO'
);

INSERT INTO DEPT_20120138(
    DEPTNO, DNAME, LOC
) VALUES(
    40, 'OPERATIONS', 'BOSTON'
);

INSERT INTO EMP_20120138(
    EMPNO, ENAME, JOB, MGR, HIREDATE, SAL, COMM, DEPTNO
) VALUES(
    7839, 'KING', 'PRESIDENT', NULL, (TO_DATE('17/11/1981', 'DD/MM/YYYY')), 5000, NULL, 10
);

INSERT INTO EMP_20120138(
    EMPNO, ENAME, JOB, MGR, HIREDATE, SAL, COMM, DEPTNO
) VALUES(
    7698, 'BLAKE', 'MANAGEER', 7839, (TO_DATE('01/05/1981', 'DD/MM/YYYY')), 2850, NULL, 30
);

INSERT INTO EMP_20120138(
    EMPNO, ENAME, JOB, MGR, HIREDATE, SAL, COMM, DEPTNO
) VALUES(
    7782, 'CLARK', 'MANAGEER', 7839, (TO_DATE('09/06/1981', 'DD/MM/YYYY')), 2450, NULL, 10
);

INSERT INTO EMP_20120138(
    EMPNO, ENAME, JOB, MGR, HIREDATE, SAL, COMM, DEPTNO
) VALUES(
    7566, 'JONES', 'MANAGEER', 7839, (TO_DATE('02/04/1981', 'DD/MM/YYYY')), 2975, NULL, 20
);

INSERT INTO EMP_20120138(
    EMPNO, ENAME, JOB, MGR, HIREDATE, SAL, COMM, DEPTNO
) VALUES(
    7654, 'MARTIN', 'SALESMAN', 7698, (TO_DATE('28/09/1981', 'DD/MM/YYYY')), 1250, 1400, 30
);

INSERT INTO EMP_20120138(
    EMPNO, ENAME, JOB, MGR, HIREDATE, SAL, COMM, DEPTNO
) VALUES(
    7499, 'ALLEN', 'SALESMAN', 7698, (TO_DATE('20/02/1981', 'DD/MM/YYYY')), 1600, 300, 30
);

INSERT INTO EMP_20120138(
    EMPNO, ENAME, JOB, MGR, HIREDATE, SAL, COMM, DEPTNO
) VALUES(
    7844, 'TURNER', 'SALESMAN', 7698, (TO_DATE('20/02/1981', 'DD/MM/YYYY')), 1500, 0, 30
);

INSERT INTO EMP_20120138(
    EMPNO, ENAME, JOB, MGR, HIREDATE, SAL, COMM, DEPTNO
) VALUES(
    7900, 'JAMES', 'CLERK', 7698, (TO_DATE('03/12/1981', 'DD/MM/YYYY')), 950, NULL, 30
);

INSERT INTO EMP_20120138(
    EMPNO, ENAME, JOB, MGR, HIREDATE, SAL, COMM, DEPTNO
) VALUES(
    7521, 'WARD', 'SALESMAN', 7698, (TO_DATE('22/02/1981', 'DD/MM/YYYY')), 1250, 500, 30
);

INSERT INTO EMP_20120138(
    EMPNO, ENAME, JOB, MGR, HIREDATE, SAL, COMM, DEPTNO
) VALUES(
    7902, 'FORD', 'ANALYST', 7566, (TO_DATE('03/12/1981', 'DD/MM/YYYY')), 3000, NULL, 20
);

INSERT INTO EMP_20120138(
    EMPNO, ENAME, JOB, MGR, HIREDATE, SAL, COMM, DEPTNO
) VALUES(
    7369, 'SMITH', 'CLERK', 7902, (TO_DATE('17/12/1980', 'DD/MM/YYYY')), 800, NULL, 20
);

INSERT INTO EMP_20120138(
    EMPNO, ENAME, JOB, MGR, HIREDATE, SAL, COMM, DEPTNO
) VALUES(
    7788, 'SCOTT', 'ANALYST', 7566, (TO_DATE('09/12/1982', 'DD/MM/YYYY')), 3000, NULL, 20
);

INSERT INTO EMP_20120138(
    EMPNO, ENAME, JOB, MGR, HIREDATE, SAL, COMM, DEPTNO
) VALUES(
    7876, 'ADAMS', 'CLERK', 7788, (TO_DATE('12/01/1983', 'DD/MM/YYYY')), 1100, NULL, 20
);

INSERT INTO EMP_20120138(
    EMPNO, ENAME, JOB, MGR, HIREDATE, SAL, COMM, DEPTNO
) VALUES(
    7934, 'MILLER', 'CLERK', 7782, (TO_DATE('23/01/1982', 'DD/MM/YYYY')), 1300, NULL, 10
);

INSERT INTO SALGRADE_20120138(
    GRADE, LOSAL, HISAL
) VALUES(
    1, 700, 1200
);

INSERT INTO SALGRADE_20120138(
    GRADE, LOSAL, HISAL
) VALUES(
    2, 1201, 1400
);

INSERT INTO SALGRADE_20120138(
    GRADE, LOSAL, HISAL
) VALUES(
    3, 1401, 2000
);

INSERT INTO SALGRADE_20120138(
    GRADE, LOSAL, HISAL
) VALUES(
    4, 2001, 3000
);

INSERT INTO SALGRADE_20120138(
    GRADE, LOSAL, HISAL
) VALUES(
    6, 3001, 9999
);

SELECT
    *
FROM
    EMP_20120138;

SELECT
    *
FROM
    DEPT_20120138;

SELECT
    *
FROM
    SALGRADE_20120138;

/* 3 câu lệnh để drop các table nếu cần thiết
drop table DEPT_20120138 cascade constraints;
drop table EMP_20120138 cascade constraints;
drop table SALGRADE_20120138 cascade constraints;
*/
